group_id,group_name,word_forms,user_id,languages,word_categories,privacy,collaborators,permission
1746131886526,Mangeodge Languages,"[{""name"":""singulative"",""type"":""noun""},{""name"":""collective"",""type"":""noun""},{""name"":""nominative plural"",""type"":""noun""},{""name"":""oblique"",""type"":""noun""},{""name"":""feminine animate"",""type"":""noun""},{""name"":""perfect (finite)"",""type"":""verb""}]",1745767579287,"[{""user_id"":1745767579287,""is_proto"":false,""word_forms"":null,""language_id"":1746047930873,""language_name"":""Ancient Etjarutr"",""mother_language_id"":1745890490563},{""user_id"":1745767579287,""is_proto"":false,""word_forms"":null,""language_id"":1746215933005,""language_name"":""Berogovian"",""mother_language_id"":1746065649467},{""user_id"":1745767579287,""is_proto"":false,""word_forms"":null,""language_id"":1746230588414,""language_name"":""Beusian"",""mother_language_id"":1746226704260},{""user_id"":1745767579287,""is_proto"":false,""word_forms"":null,""language_id"":1746225948661,""language_name"":""Binerith"",""mother_language_id"":1746044573732},{""user_id"":1745767579287,""is_proto"":false,""word_forms"":null,""language_id"":1746058217431,""language_name"":""Classical Etjarutr"",""mother_language_id"":1746058494985},{""user_id"":1745767579287,""is_proto"":false,""word_forms"":null,""language_id"":1746045486841,""language_name"":""Classical Romoruzian"",""mother_language_id"":null},{""user_id"":1745767579287,""is_proto"":false,""word_forms"":null,""language_id"":1746065649467,""language_name"":""Early Berogovian"",""mother_language_id"":null},{""user_id"":1745767579287,""is_proto"":false,""word_forms"":null,""language_id"":1746226704260,""language_name"":""Early Beusian"",""mother_language_id"":1746044415909},{""user_id"":1745767579287,""is_proto"":false,""word_forms"":null,""language_id"":1745982065666,""language_name"":""Early Inner Mewian"",""mother_language_id"":1745981984571},{""user_id"":1745767579287,""is_proto"":false,""word_forms"":null,""language_id"":1745981267773,""language_name"":""Early Insular Mangeodge"",""mother_language_id"":1745980210575},{""user_id"":1745767579287,""is_proto"":false,""word_forms"":null,""language_id"":1745982308962,""language_name"":""Early Outer Mewian"",""mother_language_id"":1745981984571},{""user_id"":1745767579287,""is_proto"":false,""word_forms"":null,""language_id"":1746058235418,""language_name"":""Early Predator Etjarutr"",""mother_language_id"":1746058217431},{""user_id"":1745767579287,""is_proto"":false,""word_forms"":null,""language_id"":1746065544944,""language_name"":""Early Surwian"",""mother_language_id"":1746044415909},{""user_id"":1745767579287,""is_proto"":false,""word_forms"":null,""language_id"":1746064068895,""language_name"":""Hrasingian"",""mother_language_id"":1746064006382},{""user_id"":1745767579287,""is_proto"":false,""word_forms"":null,""language_id"":1745981465952,""language_name"":""Inner Dawian"",""mother_language_id"":1745981267773},{""user_id"":1745767579287,""is_proto"":false,""word_forms"":null,""language_id"":1745982248483,""language_name"":""Inner Mewian"",""mother_language_id"":1745982065666},{""user_id"":1745767579287,""is_proto"":false,""word_forms"":null,""language_id"":1746044415909,""language_name"":""Mid Middle Mangeodge"",""mother_language_id"":1745890490563},{""user_id"":1745767579287,""is_proto"":false,""word_forms"":null,""language_id"":1746064006382,""language_name"":""Middle Hrasingian"",""mother_language_id"":1745890596725},{""user_id"":1745767579287,""is_proto"":false,""word_forms"":null,""language_id"":1745980210575,""language_name"":""North Middle Mangeodge"",""mother_language_id"":1745890490563},{""user_id"":1745767579287,""is_proto"":false,""word_forms"":null,""language_id"":1746058494985,""language_name"":""Old Etjarutr"",""mother_language_id"":1746047930873},{""user_id"":1745767579287,""is_proto"":false,""word_forms"":null,""language_id"":1745890596725,""language_name"":""Old Hrasingian"",""mother_language_id"":1745881826951},{""user_id"":1745767579287,""is_proto"":false,""word_forms"":null,""language_id"":1745890490563,""language_name"":""Old Mangeodge"",""mother_language_id"":1745881826951},{""user_id"":1745767579287,""is_proto"":false,""word_forms"":null,""language_id"":1745981374658,""language_name"":""Outer Dawian"",""mother_language_id"":1745981267773},{""user_id"":1745767579287,""is_proto"":false,""word_forms"":null,""language_id"":1745982393332,""language_name"":""Outer Mewian"",""mother_language_id"":1745982308962},{""user_id"":1745767579287,""is_proto"":true,""word_forms"":null,""language_id"":1745881826951,""language_name"":""Proto-Mangeodge"",""mother_language_id"":1745868975050},{""user_id"":1745767579287,""is_proto"":false,""word_forms"":null,""language_id"":1746047620890,""language_name"":""Rovianzian"",""mother_language_id"":1745981537670},{""user_id"":1745767579287,""is_proto"":false,""word_forms"":null,""language_id"":1745981984571,""language_name"":""South Middle Mangeodge"",""mother_language_id"":1745890490563},{""user_id"":1745767579287,""is_proto"":false,""word_forms"":null,""language_id"":1746065588935,""language_name"":""Surwian"",""mother_language_id"":1746065544944},{""user_id"":1745767579287,""is_proto"":false,""word_forms"":null,""language_id"":1745980318467,""language_name"":""Taile"",""mother_language_id"":1745980210575},{""user_id"":1745767579287,""is_proto"":false,""word_forms"":null,""language_id"":1745981537670,""language_name"":""West Middle Mangeodge"",""mother_language_id"":1745890490563},{""user_id"":""1745767579287"",""word_forms"":[],""language_id"":1747511343239,""language_name"":""Predator Etjarutr"",""mother_language_id"":1746058235418},{""user_id"":1745767579287,""is_proto"":false,""word_forms"":null,""language_id"":1746044573732,""language_name"":""Early Binerith"",""word_categories"":null,""mother_language_id"":1746044415909},{""user_id"":""1745767579287"",""word_forms"":[],""language_id"":1759056019105,""language_name"":""Boroweblian"",""mother_language_id"":1745881826951}]","[{""name"":""Number"",""type"":""noun"",""categories"":{""name"":[""none"",""collective"",""singulative""],""abbreviation"":[""none"",""coll"",""sgl""]}}]",public,[],onlyme
1746145822237,Sumro-Letaeric Languages,"[{""name"":""collective"",""type"":""noun""},{""name"":""supine"",""type"":""verb""},{""name"":""comparative"",""type"":""adj""},{""name"":""paucal 1"",""type"":""noun""},{""name"":""paucal 2"",""type"":""noun""},{""name"":""participle"",""type"":""verb""},{""name"":""singulative"",""type"":""noun""},{""name"":""perfect"",""type"":""verb""},{""name"":""habitual"",""type"":""verb""},{""name"":""deliminative"",""type"":""verb""},{""name"":""interrogative"",""type"":""verb""},{""name"":""transgressive"",""type"":""verb""},{""name"":""perfect passive"",""type"":""verb""},{""name"":""inanimate"",""type"":""adj""},{""name"":""past participle"",""type"":""verb""},{""name"":""non-specific"",""type"":""noun""},{""name"":""animate"",""type"":""noun""},{""name"":""imperative"",""type"":""verb""},{""name"":""transgressive (passive)"",""type"":""verb""},{""name"":""gerund"",""type"":""verb""}]",1745767579287,"[{""user_id"":1745767579287,""is_proto"":false,""word_forms"":null,""language_id"":1746047930873,""language_name"":""Ancient Etjarutr"",""mother_language_id"":1745890490563},{""user_id"":1745767579287,""is_proto"":false,""word_forms"":null,""language_id"":1746058217431,""language_name"":""Classical Etjarutr"",""mother_language_id"":1746058494985},{""user_id"":1745767579287,""is_proto"":false,""word_forms"":null,""language_id"":1746045486841,""language_name"":""Classical Romoruzian"",""mother_language_id"":null},{""user_id"":1745767579287,""is_proto"":false,""word_forms"":null,""language_id"":1746067338457,""language_name"":""Coal Eagian"",""mother_language_id"":1746067297873},{""user_id"":1745767579287,""is_proto"":false,""word_forms"":null,""language_id"":1746067297873,""language_name"":""Eagian"",""mother_language_id"":1746067252265},{""user_id"":1745767579287,""is_proto"":null,""word_forms"":null,""language_id"":1746065649467,""language_name"":""Early Berogovian"",""mother_language_id"":null},{""user_id"":1745767579287,""is_proto"":false,""word_forms"":null,""language_id"":1746044573732,""language_name"":""Early Binerith"",""mother_language_id"":1746044415909},{""user_id"":1745767579287,""is_proto"":false,""word_forms"":null,""language_id"":1745982065666,""language_name"":""Early Inner Mewian"",""mother_language_id"":1745981984571},{""user_id"":1745767579287,""is_proto"":false,""word_forms"":null,""language_id"":1745981267773,""language_name"":""Early Insular Mangeodge"",""mother_language_id"":1745980210575},{""user_id"":1745767579287,""is_proto"":null,""word_forms"":null,""language_id"":1746048572566,""language_name"":""Early Medhio"",""mother_language_id"":1746047845162},{""user_id"":1745767579287,""is_proto"":false,""word_forms"":null,""language_id"":1745982308962,""language_name"":""Early Outer Mewian"",""mother_language_id"":1745981984571},{""user_id"":1745767579287,""is_proto"":false,""word_forms"":null,""language_id"":1746058235418,""language_name"":""Early Predator Etjarutr"",""mother_language_id"":1746058217431},{""user_id"":1745767579287,""is_proto"":false,""word_forms"":null,""language_id"":1746065544944,""language_name"":""Early Surwian"",""mother_language_id"":1746044415909},{""user_id"":1745767579287,""is_proto"":false,""word_forms"":null,""language_id"":1746050566205,""language_name"":""East Middle Mocha"",""mother_language_id"":1745869624173},{""user_id"":1745767579287,""is_proto"":false,""word_forms"":null,""language_id"":1745973903626,""language_name"":""Ethogiath"",""mother_language_id"":1745973852050},{""user_id"":1745767579287,""is_proto"":false,""word_forms"":null,""language_id"":1745889592804,""language_name"":""Hajik"",""mother_language_id"":1745866478939},{""user_id"":1745767579287,""is_proto"":false,""word_forms"":null,""language_id"":1745981465952,""language_name"":""Inner Dawian"",""mother_language_id"":1745981267773},{""user_id"":1745767579287,""is_proto"":false,""word_forms"":null,""language_id"":1745982248483,""language_name"":""Inner Mewian"",""mother_language_id"":1745982065666},{""user_id"":1745767579287,""is_proto"":false,""word_forms"":null,""language_id"":1745979812191,""language_name"":""Jyztrees"",""mother_language_id"":1745979793585},{""user_id"":1745767579287,""is_proto"":false,""word_forms"":null,""language_id"":1746048579856,""language_name"":""Medhio"",""mother_language_id"":1746048572566},{""user_id"":1745767579287,""is_proto"":false,""word_forms"":null,""language_id"":1746044415909,""language_name"":""Mid Middle Mangeodge"",""mother_language_id"":1745890490563},{""user_id"":1745767579287,""is_proto"":false,""word_forms"":null,""language_id"":1746067252265,""language_name"":""Mid Middle Mocha"",""mother_language_id"":1745869624173},{""user_id"":1745767579287,""is_proto"":false,""word_forms"":null,""language_id"":1746064006382,""language_name"":""Middle Hrasingian"",""mother_language_id"":1745890596725},{""user_id"":1745767579287,""is_proto"":false,""word_forms"":null,""language_id"":1745979793585,""language_name"":""Middle Naukl"",""mother_language_id"":1745973916182},{""user_id"":1745767579287,""is_proto"":false,""word_forms"":null,""language_id"":1745872424478,""language_name"":""Middle Sumri"",""mother_language_id"":1745776266766},{""user_id"":1745767579287,""is_proto"":null,""word_forms"":null,""language_id"":1746047845162,""language_name"":""Misiuri"",""mother_language_id"":null},{""user_id"":1745767579287,""is_proto"":false,""word_forms"":null,""language_id"":1745979802779,""language_name"":""Naukl"",""mother_language_id"":1745979793585},{""user_id"":1745767579287,""is_proto"":false,""word_forms"":null,""language_id"":1745980210575,""language_name"":""North Middle Mangeodge"",""mother_language_id"":1745890490563},{""user_id"":1745767579287,""is_proto"":null,""word_forms"":null,""language_id"":1746151515308,""language_name"":""Old Ethei"",""mother_language_id"":1745973619660},{""user_id"":1745767579287,""is_proto"":false,""word_forms"":null,""language_id"":1746058494985,""language_name"":""Old Etjarutr"",""mother_language_id"":1746047930873},{""user_id"":1745767579287,""is_proto"":false,""word_forms"":null,""language_id"":1745890596725,""language_name"":""Old Hrasingian"",""mother_language_id"":1745881826951},{""user_id"":1745767579287,""is_proto"":false,""word_forms"":null,""language_id"":1745890490563,""language_name"":""Old Mangeodge"",""mother_language_id"":1745881826951},{""user_id"":1745767579287,""is_proto"":false,""word_forms"":null,""language_id"":1745869624173,""language_name"":""Old Mocha"",""mother_language_id"":1745776266766},{""user_id"":1745767579287,""is_proto"":false,""word_forms"":null,""language_id"":1745973916182,""language_name"":""Old Naukl"",""mother_language_id"":1745973852050},{""user_id"":1745767579287,""is_proto"":false,""word_forms"":null,""language_id"":1746049050485,""language_name"":""Old Naumes"",""mother_language_id"":1745776266766},{""user_id"":1745767579287,""is_proto"":false,""word_forms"":null,""language_id"":1745872417115,""language_name"":""Old Nusibara"",""mother_language_id"":1745776266766},{""user_id"":1745767579287,""is_proto"":false,""word_forms"":[{""name"":""Hrotongi Old Sumre"",""type"":""pron""},{""name"":""Hrotongi Old Sumre"",""type"":""affix""},{""name"":""Hrotongi Old Sumre"",""type"":""part""},{""name"":""Hrotongi Old Sumre"",""type"":""interj""},{""name"":""Hrotongi Old Sumre"",""type"":""conj""},{""name"":""Hrotongi Old Sumre"",""type"":""adp""},{""name"":""Hrotongi Old Sumre"",""type"":""adv""},{""name"":""Hrotongi Old Sumre"",""type"":""adj""},{""name"":""Hrotongi Old Sumre"",""type"":""verb""},{""name"":""Hrotongi Old Sumre"",""type"":""noun""}],""language_id"":1745776266766,""language_name"":""Old Sumre"",""mother_language_id"":1745866478939},{""user_id"":1745767579287,""is_proto"":false,""word_forms"":null,""language_id"":1745872435803,""language_name"":""Old Tuura"",""mother_language_id"":1745866478939},{""user_id"":1745767579287,""is_proto"":false,""word_forms"":null,""language_id"":1745981374658,""language_name"":""Outer Dawian"",""mother_language_id"":1745981267773},{""user_id"":1745767579287,""is_proto"":false,""word_forms"":null,""language_id"":1745982393332,""language_name"":""Outer Mewian"",""mother_language_id"":1745982308962},{""user_id"":1745767579287,""is_proto"":false,""word_forms"":null,""language_id"":1746048801844,""language_name"":""Primitive Branjish"",""mother_language_id"":1746047845162},{""user_id"":1745767579287,""is_proto"":true,""word_forms"":null,""language_id"":1745973619660,""language_name"":""Proto-Letaeric"",""mother_language_id"":1745868984525},{""user_id"":1745767579287,""is_proto"":true,""word_forms"":null,""language_id"":1745881826951,""language_name"":""Proto-Mangeodge"",""mother_language_id"":1745868975050},{""user_id"":1745767579287,""is_proto"":true,""word_forms"":null,""language_id"":1745973852050,""language_name"":""Proto-Naukl"",""mother_language_id"":1745868975050},{""user_id"":1745767579287,""is_proto"":true,""word_forms"":null,""language_id"":1745866478939,""language_name"":""Proto-Sumric"",""mother_language_id"":1745868975050},{""user_id"":1745767579287,""is_proto"":true,""word_forms"":null,""language_id"":1745868984525,""language_name"":""Proto-Sumro-Letaeric"",""mother_language_id"":null},{""user_id"":1745767579287,""is_proto"":true,""word_forms"":null,""language_id"":1745868975050,""language_name"":""Proto-Sumro-Naukl"",""mother_language_id"":1745868984525},{""user_id"":1745767579287,""is_proto"":false,""word_forms"":null,""language_id"":1746048586560,""language_name"":""Risorese"",""mother_language_id"":1746048572566},{""user_id"":1745767579287,""is_proto"":null,""word_forms"":null,""language_id"":1746047620890,""language_name"":""Rovianzian"",""mother_language_id"":1745981537670},{""user_id"":1745767579287,""is_proto"":false,""word_forms"":null,""language_id"":1746050712805,""language_name"":""South Luabian"",""mother_language_id"":1746050566205},{""user_id"":1745767579287,""is_proto"":false,""word_forms"":null,""language_id"":1745981984571,""language_name"":""South Middle Mangeodge"",""mother_language_id"":1745890490563},{""user_id"":1745767579287,""is_proto"":false,""word_forms"":null,""language_id"":1746065588935,""language_name"":""Surwian"",""mother_language_id"":1746065544944},{""user_id"":1745767579287,""is_proto"":false,""word_forms"":null,""language_id"":1745980318467,""language_name"":""Taile"",""mother_language_id"":1745980210575},{""user_id"":1745767579287,""is_proto"":false,""word_forms"":null,""language_id"":1745981537670,""language_name"":""West Middle Mangeodge"",""mother_language_id"":1745890490563},{""user_id"":1745767579287,""is_proto"":null,""word_forms"":null,""language_id"":1746050556290,""language_name"":""West Middle Mocha"",""mother_language_id"":1745869624173},{""user_id"":1745767579287,""is_proto"":false,""word_forms"":null,""language_id"":1746058205525,""language_name"":""Alatir"",""mother_language_id"":1745776266766},{""user_id"":1745767579287,""is_proto"":false,""word_forms"":null,""language_id"":1746215933005,""language_name"":""Berogovian"",""mother_language_id"":1746065649467},{""user_id"":1745767579287,""is_proto"":false,""word_forms"":null,""language_id"":1746235352359,""language_name"":""Middle Ethei"",""mother_language_id"":1746151515308},{""user_id"":""1745767579287"",""is_proto"":true,""word_forms"":[],""language_id"":1746236798157,""language_name"":""Proto-Sucumian"",""mother_language_id"":1745868975050},{""user_id"":""1745767579287"",""word_forms"":[],""language_id"":1746239769217,""language_name"":""Light Sucumian"",""mother_language_id"":1746236798157},{""user_id"":""1745767579287"",""word_forms"":[],""language_id"":1746240866645,""language_name"":""Old Wacal"",""mother_language_id"":1746151515308},{""user_id"":""1745767579287"",""word_forms"":[],""language_id"":1746242285825,""language_name"":""Dark Sucumian"",""mother_language_id"":1746236798157},{""user_id"":1745767579287,""is_proto"":false,""word_forms"":null,""language_id"":1746240834533,""language_name"":""Old Letaere"",""word_categories"":null,""mother_language_id"":1745973619660},{""user_id"":""1745767579287"",""word_forms"":[],""language_id"":1746322509732,""language_name"":""Lammi"",""mother_language_id"":1745776266766},{""user_id"":1745767579287,""is_proto"":false,""word_forms"":[],""language_id"":1746395375738,""language_name"":""Silver Sucumian"",""word_categories"":null,""mother_language_id"":1746239769217},{""user_id"":""1745767579287"",""is_proto"":false,""word_forms"":[],""language_id"":1746395375738,""language_name"":""Silver Sucumian"",""mother_language_id"":1746239769217},{""user_id"":""1745767579287"",""word_forms"":[],""language_id"":1746398290174,""language_name"":""Silver Sucumian"",""mother_language_id"":1746239769217},{""user_id"":""1745767579287"",""word_forms"":[],""language_id"":1746398501016,""language_name"":""Dark Sucumian"",""mother_language_id"":1746242285825},{""user_id"":""1745767579287"",""word_forms"":[],""language_id"":1746398571939,""language_name"":""Late Middle Sumre"",""mother_language_id"":1745872424478},{""user_id"":""1745767579287"",""word_forms"":[],""language_id"":1746401560336,""language_name"":""Chozh"",""mother_language_id"":1746398571939},{""user_id"":""1745767579287"",""word_forms"":[],""language_id"":1746401637285,""language_name"":""Old Juakrish"",""mother_language_id"":1746398571939},{""user_id"":""1745767579287"",""word_forms"":[],""language_id"":1746401711537,""language_name"":""Steppe Tuura"",""mother_language_id"":1745872435803},{""user_id"":""1745767579287"",""word_forms"":[],""language_id"":1746484703083,""language_name"":""Steppe Tuura"",""mother_language_id"":1745872435803},{""user_id"":""1745767579287"",""word_forms"":[],""language_id"":1747511343239,""language_name"":""Predator Etjarutr"",""mother_language_id"":1746058235418},{""user_id"":""1745767579287"",""word_forms"":[],""language_id"":1747596967381,""language_name"":""Yellow Sucumian"",""mother_language_id"":1746239769217},{""user_id"":""1745767579287"",""word_forms"":[],""language_id"":1747597500924,""language_name"":""Middle Naumes"",""mother_language_id"":1746049050485},{""user_id"":""1745767579287"",""word_forms"":[],""language_id"":1747597572393,""language_name"":""Naumes"",""mother_language_id"":1747597500924},{""user_id"":""1745767579287"",""word_forms"":[],""language_id"":1747597760699,""language_name"":""Svatolian"",""mother_language_id"":1747597500924},{""user_id"":""1745767579287"",""word_forms"":[],""language_id"":1747597925736,""language_name"":""Kheldre"",""mother_language_id"":1745776266766},{""user_id"":""1745767579287"",""word_forms"":[],""language_id"":1747597985453,""language_name"":""Middle Kionc"",""mother_language_id"":1745869624173},{""user_id"":""1745767579287"",""word_forms"":[],""language_id"":1747598166362,""language_name"":""Morish"",""mother_language_id"":1746050556290},{""user_id"":""1745767579287"",""word_forms"":[],""language_id"":1747598255591,""language_name"":""West Morish"",""mother_language_id"":1747598166362},{""user_id"":""1745767579287"",""word_forms"":[],""language_id"":1747598309790,""language_name"":""Werish"",""mother_language_id"":1746050556290},{""user_id"":""1745767579287"",""word_forms"":[],""language_id"":1747598354149,""language_name"":""Bawian"",""mother_language_id"":1746050556290},{""user_id"":""1745767579287"",""word_forms"":[],""language_id"":1747598406832,""language_name"":""Mid Middle Mangeodge"",""mother_language_id"":1745869624173},{""user_id"":""1745767579287"",""word_forms"":[],""language_id"":1747598990384,""language_name"":""Old Branjish"",""mother_language_id"":1746048801844},{""user_id"":""1745767579287"",""word_forms"":[],""language_id"":1747599089886,""language_name"":""Branjish"",""mother_language_id"":1747598990384},{""user_id"":""1745767579287"",""word_forms"":[],""language_id"":1747599139397,""language_name"":""West Branjish"",""mother_language_id"":1747598990384},{""user_id"":1745767579287,""is_proto"":false,""word_forms"":[{""name"":""root"",""type"":""verb""},{""name"":""supine"",""type"":""verb""}],""language_id"":1746239901129,""language_name"":""Red Sucumian"",""word_categories"":null,""mother_language_id"":1746239769217},{""user_id"":1745767579287,""is_proto"":false,""word_forms"":[{""name"":""collective"",""type"":""noun""},{""name"":""Hannimš dialect"",""type"":""verb""},{""name"":""Ulkuple dialect"",""type"":""verb""},{""name"":""supine"",""type"":""verb""},{""name"":""comparative"",""type"":""adj""},{""name"":""paucal 1"",""type"":""noun""},{""name"":""paucal 2"",""type"":""noun""},{""name"":""participle"",""type"":""verb""}],""language_id"":1746064068895,""language_name"":""Hrasingian"",""word_categories"":null,""mother_language_id"":1746064006382},{""user_id"":1745767579287,""is_proto"":false,""word_forms"":null,""language_id"":1746226704260,""language_name"":""Early Beusian"",""word_categories"":null,""mother_language_id"":1746044415909},{""user_id"":1745767579287,""is_proto"":false,""word_forms"":null,""language_id"":1746230588414,""language_name"":""Beusian"",""word_categories"":null,""mother_language_id"":1746226704260},{""user_id"":""1745767579287"",""word_forms"":[],""language_id"":1748547636612,""language_name"":""Tundra Tuura"",""mother_language_id"":null},{""user_id"":""1745767579287"",""word_forms"":[],""language_id"":1748548102068,""language_name"":""Tundra Tuura"",""mother_language_id"":1745872435803},{""user_id"":1745767579287,""is_proto"":false,""word_forms"":null,""language_id"":1746225948661,""language_name"":""Binerith"",""word_categories"":null,""mother_language_id"":1746044573732},{""user_id"":""1745767579287"",""word_forms"":[],""language_id"":1749084651236,""language_name"":""Walvian"",""mother_language_id"":1746484703083},{""user_id"":""1745767579287"",""word_forms"":[],""language_id"":1749230346379,""language_name"":""Tasian"",""mother_language_id"":1746484703083},{""user_id"":""1745767579287"",""word_forms"":[],""language_id"":1749230581872,""language_name"":""Theukish"",""mother_language_id"":1748548102068},{""user_id"":""1745767579287"",""word_forms"":[],""language_id"":1749230823087,""language_name"":""Trukian"",""mother_language_id"":1748548102068},{""user_id"":""1745767579287"",""word_forms"":[],""language_id"":1749231207950,""language_name"":""Dhaulish"",""mother_language_id"":1748548102068},{""user_id"":""1745767579287"",""word_forms"":[],""language_id"":1749231417562,""language_name"":""Taiga Tuura"",""mother_language_id"":1745872435803},{""user_id"":""1745767579287"",""word_forms"":[],""language_id"":1749231689653,""language_name"":""Okiestans"",""mother_language_id"":1749231417562},{""user_id"":1745767579287,""is_proto"":false,""word_forms"":null,""language_id"":1749231854450,""language_name"":""Swarat"",""word_categories"":null,""mother_language_id"":1749231417562},{""user_id"":""1745767579287"",""is_proto"":false,""word_forms"":[],""language_id"":1759056019105,""language_name"":""Early Kionc"",""mother_language_id"":1745869624173},{""user_id"":""1745767579287"",""word_forms"":[],""language_id"":1759096635763,""language_name"":""Early Kionc"",""mother_language_id"":1745869624173},{""user_id"":""1745767579287"",""word_forms"":[],""language_id"":1783480938382,""language_name"":""Raukra"",""mother_language_id"":1746050566205}]","[{""name"":""Gender"",""type"":""noun"",""categories"":{""name"":[""none"",""animate"",""inanimate"",""feminine animate"",""feminine inanimate"",""buzzard"",""deer""],""abbreviation"":[""none"",""anim"",""inan"",""fem anim"",""fem inan"",""buzz"",""deer""]}},{""name"":""Transitivity"",""type"":""verb"",""categories"":{""name"":[""none"",""transitive"",""intransitive""],""abbreviation"":[""none"",""trans"",""intrans""]}}]",public,[],onlyme
1746236550915,Letaeric Languages,[],1745767579287,"[{""user_id"":1745767579287,""is_proto"":false,""word_forms"":[{""name"":""collective"",""type"":""noun""},{""name"":""paucal 1"",""type"":""noun""},{""name"":""paucal 2"",""type"":""noun""}],""language_id"":1746240834533,""language_name"":""Old Letaere"",""word_categories"":null,""mother_language_id"":1745973619660},{""user_id"":1745767579287,""is_proto"":false,""word_forms"":[{""name"":""collective"",""type"":""noun""},{""name"":""supine"",""type"":""verb""},{""name"":""comparative"",""type"":""adj""},{""name"":""paucal 1"",""type"":""noun""},{""name"":""paucal 2"",""type"":""noun""}],""language_id"":1746151515308,""language_name"":""Old Ethei"",""word_categories"":null,""mother_language_id"":1745973619660},{""user_id"":1745767579287,""is_proto"":false,""word_forms"":null,""language_id"":1746235352359,""language_name"":""Middle Ethei"",""word_categories"":null,""mother_language_id"":1746151515308},{""user_id"":1745767579287,""is_proto"":false,""word_forms"":null,""language_id"":1746240866645,""language_name"":""Old Wacal"",""word_categories"":null,""mother_language_id"":1746151515308}]",[],public,[],onlyme
1746239747691,Sucumian Languages,"[{""name"":""root"",""type"":""noun""}]",1745767579287,"[{""user_id"":1745767579287,""is_proto"":true,""word_forms"":null,""language_id"":1746236798157,""language_name"":""Proto-Sucumian"",""mother_language_id"":1745868975050},{""user_id"":""1745767579287"",""word_forms"":[],""language_id"":1746239769217,""language_name"":""Light Sucumian"",""mother_language_id"":1746236798157},{""user_id"":""1745767579287"",""word_forms"":[],""language_id"":1746239901129,""language_name"":""Red Sucumian"",""mother_language_id"":1746239769217},{""user_id"":""1745767579287"",""word_forms"":[],""language_id"":1746242285825,""language_name"":""Dark Sucumian"",""mother_language_id"":1746236798157},{""user_id"":""1745767579287"",""word_forms"":[],""language_id"":1746395375738,""language_name"":""Silver Sucumian"",""mother_language_id"":1746239769217},{""user_id"":""1745767579287"",""word_forms"":[],""language_id"":1746398290174,""language_name"":""Silver Sucumian"",""mother_language_id"":1746239769217},{""user_id"":""1745767579287"",""word_forms"":[],""language_id"":1746398501016,""language_name"":""Dark Sucumian"",""mother_language_id"":1746242285825},{""user_id"":""1745767579287"",""word_forms"":[],""language_id"":1747596967381,""language_name"":""Yellow Sucumian"",""mother_language_id"":1746239769217}]",[],public,[],onlyme
1746733111452,Jaronic Languages,"[{""name"":""root"",""type"":""noun""},{""name"":""root"",""type"":""verb""},{""name"":""root"",""type"":""adj""},{""name"":""root"",""type"":""adv""},{""name"":""root"",""type"":""adp""},{""name"":""root"",""type"":""conj""},{""name"":""root"",""type"":""interj""},{""name"":""root"",""type"":""part""},{""name"":""root"",""type"":""affix""},{""name"":""root"",""type"":""pron""}]",1745767579287,"[{""user_id"":""1745767579287"",""is_proto"":true,""word_forms"":[],""language_id"":1746741292062,""language_name"":""Proto-Ragbrenan"",""mother_language_id"":1746732994698},{""user_id"":""1745767579287"",""word_forms"":[],""language_id"":1746741394985,""language_name"":""Old Rabrennaysas"",""mother_language_id"":1746741292062},{""user_id"":""1745767579287"",""is_proto"":true,""word_forms"":[],""language_id"":1746741413214,""language_name"":""Proto-Bego-Kiza"",""mother_language_id"":1746732994698},{""user_id"":""1745767579287"",""word_forms"":[],""language_id"":1746741471070,""language_name"":""Begridyarahe"",""mother_language_id"":1746741413214},{""user_id"":""1745767579287"",""word_forms"":[],""language_id"":1746742269653,""language_name"":""Old Kiza"",""mother_language_id"":1746741413214},{""user_id"":""1745767579287"",""word_forms"":[],""language_id"":1748308363047,""language_name"":""Late Ordho-Luksunic"",""mother_language_id"":null},{""user_id"":""1745767579287"",""word_forms"":[],""language_id"":1748383068898,""language_name"":""Old Ordhic"",""mother_language_id"":1748308363047},{""user_id"":""1745767579287"",""word_forms"":[],""language_id"":1748383086295,""language_name"":""Ordhic"",""mother_language_id"":1748383068898},{""user_id"":""1745767579287"",""word_forms"":[],""language_id"":1748383100113,""language_name"":""Old Durigir"",""mother_language_id"":1748308363047},{""user_id"":""1745767579287"",""word_forms"":[],""language_id"":1748383115513,""language_name"":""Durigir"",""mother_language_id"":1748383100113},{""user_id"":""1745767579287"",""word_forms"":[],""language_id"":1748383132261,""language_name"":""Proto-Nulgbokan"",""mother_language_id"":1746732994698},{""user_id"":1745767579287,""is_proto"":true,""word_forms"":[{""name"":""root"",""type"":""adj""}],""language_id"":1746732994698,""language_name"":""Proto-Jaronic"",""word_categories"":null,""mother_language_id"":null},{""user_id"":""1745767579287"",""word_forms"":[],""language_id"":1749322726239,""language_name"":""Nulbuoka"",""mother_language_id"":1748383132261},{""user_id"":""1745767579287"",""word_forms"":[],""language_id"":1759099370049,""language_name"":""Early Ordho-Luksunic"",""mother_language_id"":1748383132261},{""user_id"":""1745767579287"",""word_forms"":[],""language_id"":1759099645113,""language_name"":""Old Luksunic"",""mother_language_id"":1748308363047},{""user_id"":""1745767579287"",""word_forms"":[],""language_id"":1759099977928,""language_name"":""Moca Luksunic"",""mother_language_id"":1759099645113}]","[{""name"":""gender"",""type"":""noun"",""categories"":{""name"":[""animate"",""inanimate"",""active"",""passive""],""abbreviation"":[""anim"",""inan"",""act"",""pass""]}}]",public,[],onlyme
1747631989336,Etjarutr Languages,[],1745767579287,"[{""user_id"":1745767579287,""is_proto"":false,""word_forms"":null,""language_id"":1746047930873,""language_name"":""Ancient Etjarutr"",""word_categories"":null,""mother_language_id"":1745890490563},{""user_id"":1745767579287,""is_proto"":false,""word_forms"":null,""language_id"":1746058494985,""language_name"":""Old Etjarutr"",""word_categories"":null,""mother_language_id"":1746047930873},{""user_id"":1745767579287,""is_proto"":false,""word_forms"":null,""language_id"":1746058217431,""language_name"":""Classical Etjarutr"",""word_categories"":null,""mother_language_id"":1746058494985},{""user_id"":1745767579287,""is_proto"":false,""word_forms"":null,""language_id"":1746058235418,""language_name"":""Early Predator Etjarutr"",""word_categories"":null,""mother_language_id"":1746058217431},{""user_id"":1745767579287,""is_proto"":false,""word_forms"":null,""language_id"":1747511343239,""language_name"":""Predator Etjarutr"",""word_categories"":null,""mother_language_id"":1746058235418}]",[],public,[],onlyme
1747703827886,Sumric Languages,"[{""name"":""buzzard"",""type"":""adj""},{""name"":""deer"",""type"":""adj""}]",1745767579287,"[{""user_id"":1745767579287,""is_proto"":false,""word_forms"":[{""name"":""Hrotongi Old Sumre"",""type"":""noun""},{""name"":""collective"",""type"":""noun""},{""name"":""supine"",""type"":""verb""},{""name"":""comparative"",""type"":""adj""},{""name"":""paucal 1"",""type"":""noun""},{""name"":""paucal 2"",""type"":""noun""}],""language_id"":1745776266766,""language_name"":""Old Sumre"",""word_categories"":null,""mother_language_id"":1745866478939},{""user_id"":1745767579287,""is_proto"":false,""word_forms"":null,""language_id"":1746058205525,""language_name"":""Alatir"",""word_categories"":null,""mother_language_id"":1745776266766},{""user_id"":1745767579287,""is_proto"":false,""word_forms"":null,""language_id"":1746322509732,""language_name"":""Lammi"",""word_categories"":null,""mother_language_id"":1745776266766},{""user_id"":1745767579287,""is_proto"":false,""word_forms"":null,""language_id"":1746049050485,""language_name"":""Old Naumes"",""word_categories"":null,""mother_language_id"":1745776266766},{""user_id"":""1745767579287"",""is_proto"":false,""word_forms"":[],""language_id"":1759056019105,""language_name"":""Early Kionc"",""mother_language_id"":1745869624173},{""user_id"":""1745767579287"",""word_forms"":[],""language_id"":1759096635763,""language_name"":""Early Kionc"",""mother_language_id"":1745869624173},{""user_id"":""1745767579287"",""word_forms"":[],""language_id"":1783480938382,""language_name"":""Raukra"",""mother_language_id"":1746050566205}]",[],public,[],onlyme
1749324034134,Hur-an-Tolga,[],1745767579287,"[{""user_id"":1745767579287,""is_proto"":false,""word_forms"":null,""language_id"":1749323226852,""language_name"":""Old Thuyant"",""word_categories"":null,""mother_language_id"":null},{""user_id"":1745767579287,""is_proto"":false,""word_forms"":null,""language_id"":1749323838971,""language_name"":""Thuyant"",""word_categories"":null,""mother_language_id"":1749323226852},{""user_id"":""1745767579287"",""word_forms"":[],""language_id"":1783122330091,""language_name"":""Hur-an-Tolga"",""mother_language_id"":null}]",[],public,[],collaborators
1760340149982,Donar Languages,[],1745767579287,"[{""tags"":[{""name"":""Gender"",""tags"":[""individual"",""non-individual""]}],""corpus"":[],""grammar"":null,""privacy"":""public"",""sources"":[],""user_id"":1745767579287,""is_proto"":true,""permission"":""onlyme"",""word_forms"":null,""language_id"":1760339790399,""collaborators"":[],""language_name"":""Proto-Donar"",""frequency_list"":null,""word_categories"":null,""mother_language_id"":1760298867710}]","[{""name"":""Gender"",""type"":""noun"",""categories"":{""name"":[""individual"",""non-individual""],""abbreviation"":[""ind"",""n-ind""]}}]","""public""",[],onlyme
1761584051152,Horned Hatchet,"[{""name"":""singular"",""type"":""noun""},{""name"":""plural"",""type"":""noun""},{""name"":""elder singular"",""type"":""adj""},{""name"":""elder plural"",""type"":""adj""},{""name"":""peer singular"",""type"":""adj""},{""name"":""peer plural"",""type"":""adj""},{""name"":""distant singular"",""type"":""adj""},{""name"":""distant plural"",""type"":""adj""}]",1745767579287,"[{""tags"":[],""corpus"":[],""grammar"":""<h1 style=\""text-align:center;\""><span style=\""font-family:'Times New Roman', Times, serif;\"">Phonology</span></h1><h2 style=\""text-align:center;\""><span style=\""font-family:'Times New Roman', Times, serif;\"">Vowels</span></h2><p><span style=\""font-family:'Times New Roman', Times, serif;\"">The vowels consist of a basic five way distinction of /i u e o a/.</span></p><h2 style=\""text-align:center;\""><span style=\""font-family:'Times New Roman', Times, serif;\"">Consonants</span></h2><figure class=\""table\""><table><tbody><tr><td colspan=\""2\"">&nbsp;</td><td><span style=\""font-family:'Times New Roman', Times, serif;font-size:14px;\""><strong>Labial</strong></span></td><td><span style=\""font-family:'Times New Roman', Times, serif;font-size:14px;\""><strong>Alveolar</strong></span></td><td><span style=\""font-family:'Times New Roman', Times, serif;font-size:14px;\""><strong>Palatal</strong></span></td><td><span style=\""font-family:'Times New Roman', Times, serif;font-size:14px;\""><strong>Velar</strong></span></td><td><span style=\""font-family:'Times New Roman', Times, serif;font-size:14px;\""><strong>Glottal</strong></span></td></tr><tr><td colspan=\""2\""><span style=\""font-family:'Times New Roman', Times, serif;font-size:14px;\""><strong>Nasal</strong></span></td><td><span style=\""font-family:'Times New Roman', Times, serif;font-size:14px;\"">m</span></td><td><span style=\""font-family:'Times New Roman', Times, serif;font-size:14px;\"">n</span></td><td>&nbsp;</td><td>&nbsp;</td><td>&nbsp;</td></tr><tr><td rowspan=\""2\""><span style=\""font-family:'Times New Roman', Times, serif;font-size:14px;\""><strong>Plosive</strong></span></td><td><span style=\""font-family:'Times New Roman', Times, serif;font-size:14px;\""><i>plain</i></span></td><td><span style=\""font-family:'Times New Roman', Times, serif;font-size:14px;\"">p</span></td><td><span style=\""font-family:'Times New Roman', Times, serif;font-size:14px;\"">t</span></td><td>&nbsp;</td><td><span style=\""font-family:'Times New Roman', Times, serif;font-size:14px;\"">k</span></td><td>&nbsp;</td></tr><tr><td><span style=\""font-family:'Times New Roman', Times, serif;font-size:14px;\""><i>aspirated</i></span></td><td><span style=\""font-family:'Times New Roman', Times, serif;font-size:14px;\"">pʰ</span></td><td><span style=\""font-family:'Times New Roman', Times, serif;font-size:14px;\"">tʰ</span></td><td>&nbsp;</td><td><span style=\""font-family:'Times New Roman', Times, serif;font-size:14px;\"">kʰ</span></td><td>&nbsp;</td></tr><tr><td colspan=\""2\""><span style=\""font-family:'Times New Roman', Times, serif;font-size:14px;\""><strong>Fricative</strong></span></td><td>&nbsp;</td><td><span style=\""font-family:'Times New Roman', Times, serif;font-size:14px;\"">s</span></td><td>&nbsp;</td><td>&nbsp;</td><td><span style=\""font-family:'Times New Roman', Times, serif;font-size:14px;\"">h</span></td></tr><tr><td colspan=\""2\""><span style=\""font-family:'Times New Roman', Times, serif;font-size:14px;\""><strong>Lateral Approximant</strong></span></td><td>&nbsp;</td><td><span style=\""font-family:'Times New Roman', Times, serif;font-size:14px;\"">l</span></td><td>&nbsp;</td><td>&nbsp;</td><td>&nbsp;</td></tr><tr><td colspan=\""2\""><span style=\""font-family:'Times New Roman', Times, serif;font-size:14px;\""><strong>Trill</strong></span></td><td>&nbsp;</td><td><span style=\""font-family:'Times New Roman', Times, serif;font-size:14px;\"">r</span></td><td>&nbsp;</td><td>&nbsp;</td><td>&nbsp;</td></tr><tr><td colspan=\""2\""><span style=\""font-family:'Times New Roman', Times, serif;font-size:14px;\""><strong>Approximant</strong></span></td><td><span style=\""font-family:'Times New Roman', Times, serif;font-size:14px;\"">w</span></td><td>&nbsp;</td><td><span style=\""font-family:'Times New Roman', Times, serif;font-size:14px;\"">j</span></td><td>&nbsp;</td><td>&nbsp;</td></tr></tbody></table></figure><h2 style=\""text-align:center;\""><span style=\""font-family:'Times New Roman', Times, serif;\"">Syllable Structure</span></h2><p><span style=\""font-family:'Times New Roman', Times, serif;\"">Proto-Horned-Hatchet was completely devoid of any consonant clusters yet very forgiving of vowel hiatuses, with any vowel being able to cluster with any other. Syllables come in two categories, light and heavy. Light syllables are syllables with single vowels while heavy syllables have vowel hiatuses: *<i><strong>hae</strong>ti </i>\""spirit\"", *<i>i<strong>poe</strong> </i>\""squirrel\"", *<i>jo<strong>kau</strong> </i>\""to come\"". There were fairly little rules with regards to restrictions, beyond that the consonants /s r l n/ could not occur word initially.</span></p><h2 style=\""text-align:center;\""><span style=\""font-family:'Times New Roman', Times, serif;\"">Prosody</span></h2><p><span style=\""font-family:'Times New Roman', Times, serif;\"">Proto-Horned-Hatched was a stress-timed language. The stress fell on the leftmost heavy syllable in a word: *<i>apepóu </i>\""ash\"", *<i>iwupáe </i>\""tough\"", &nbsp;*<i>káujopo </i>\""maggot\"". Should a word lack any heavy syllables, then the first syllable bore the stress: *<i>étawi </i>\""mother\"".</span></p><p>&nbsp;</p>"",""privacy"":""public"",""sources"":[],""user_id"":1745767579287,""is_proto"":true,""permission"":""onlyme"",""word_forms"":null,""language_id"":1761581154146,""collaborators"":[],""language_name"":""Proto-Horned-Hatchet"",""frequency_list"":null,""word_categories"":null,""mother_language_id"":null},{""tags"":[],""corpus"":[],""grammar"":null,""privacy"":""public"",""sources"":[],""user_id"":1745767579287,""is_proto"":true,""permission"":""onlyme"",""word_forms"":[],""language_id"":1761667266389,""collaborators"":[],""language_name"":""Proto-Bull-Butchering-Axe"",""frequency_list"":null,""word_categories"":null,""mother_language_id"":1761581154146},{""user_id"":""1745767579287"",""is_proto"":true,""word_forms"":[],""language_id"":1761667266389,""language_name"":""Proto-Bull-Butchering-Axe"",""mother_language_id"":1761581154146},{""user_id"":""1745767579287"",""is_proto"":true,""word_forms"":[],""language_id"":1761667266389,""language_name"":""Proto-Bull-Butchering-Axe"",""mother_language_id"":1761581154146},{""user_id"":""1745767579287"",""is_proto"":true,""word_forms"":[],""language_id"":1761667543891,""language_name"":""Proto-Bull-Butchering-Axe"",""mother_language_id"":1761581154146},{""user_id"":""1745767579287"",""is_proto"":true,""word_forms"":[],""language_id"":1761667592556,""language_name"":""Proto-Elder-Herder"",""mother_language_id"":1761581154146}]","[{""name"":""Gender"",""type"":""noun"",""categories"":{""name"":[""Elder"",""Peer"",""Distant""],""abbreviation"":[""eld"",""pr"",""dist""]}}]","""public""",[],onlyme
1763722762473,Forest,[],1750886914642,"[{""tags"":[],""corpus"":[],""grammar"":""<h1><u>Introduction</u></h1><p>&nbsp;</p><p>The tribe lived in the highland forests where southern Germany, Czechia, and Austria meet—specifically in the Bavarian and Bohemian Forest regions. Although they were part of the wider Urnfield cultural context, they remained geographically and culturally peripheral. Their way of life was based on transhumance: seasonal movement of livestock between upland summer pastures and lower-elevation wintering grounds. They herded goats, sheep, and small cattle, relying on animals suited to forest-edge and mountain terrain. They practiced a mixed subsistence strategy, combining herding with hunting, foraging, and possibly limited forest-edge horticulture. Wild game such as deer and boar provided meat, while nuts, berries, and roots were gathered from the surrounding woodland. There may have been some slash-and-burn cultivation in open areas, but their lifestyle was not based on intensive agriculture. Their settlements were small, scattered, and temporary—typically consisting of wooden or bark-covered huts reused seasonally. They did not build large permanent structures or fortified hillforts, making them largely invisible in the archaeological record aside from isolated hearths, pits, or tools. Cremation, the hallmark of Urnfield culture, may have been practiced, but likely without formal cemeteries or urnfields. Although isolated, they were aware of and occasionally interacted with surrounding populations. Their main form of contact was through opportunistic raiding of traders moving between the Bohemian Basin (around Plešivec) and the Mur Valley region (Burgstallkogel). They had limited access to bronze tools or ornaments, often acquired through raiding or scavenging. Their language was unique and unwritten, likely a divergent Indo-European variety that retained archaic features due to their isolation. The language spoken by this tribe can be described as an archaic Indo-European offshoot, most closely related to pre-Celtic dialects, with evident structural and lexical connections to Proto-Germanic. It likely diverged from a shared Northwest Indo-European continuum—part of the post-Italo-Celtic and pre-Germanic linguistic zone that developed in Central Europe during the Middle to Late Bronze Age. Due to the tribe’s geographic position in a liminal, upland region and their isolation from denser Urnfield population centers, their language retained older features that had been leveled out in more contact-rich zones. The clearest affinities lie with early Celtic. Their lexicon and morphology shared roots with Lepontic and other pre-Gallic dialects of the eastern Hallstatt zone, particularly in terms related to kinship, pastoralism, and natural features. Phonologically, the language shows signs of early consonantal shifts that anticipate later Germanic changes. For example, voiceless stops may have been lightly fricated in certain environments, a tendency that foreshadows Grimm’s Law. However, the changes were incomplete and inconsistent, suggesting an early divergence from the common Northwest IE stock before full Germanic sound shifts took place. In some lexical sets, shared innovations with Proto-Germanic suggest either a common substrate or prolonged low-level contact in prehistory, possibly via transhumant or seasonal movements that brought neighboring groups into indirect interaction. There are also weaker connections to Proto-Italic and Proto-Balto-Slavic. These are mostly visible in shared conservative features, such as the preservation of laryngeal-influenced vowel coloring . A small number of lexical correspondences suggesting deep-layer areal connections or even older shared inheritance from a pre-divergence Indo-European dialect chain. However, these links are limited and likely reflect distant common ancestry rather than direct contact or recent convergence. In sum, the language represents a conservative, forest-bound offshoot of Northwest Indo-European, most strongly linked to pre-Celtic and early Germanic, but still bearing residual traces of broader Indo-European connections to Italic and Balto-Slavic. Its isolation preserved both old features and early divergent developments, making it an instructive example of how mountainous and forested regions can act as refugia for archaic linguistic forms. This tribe followed a deeply rooted religious tradition shaped by both their Indo-European heritage and the forested, highland environment of the Bavarian and Bohemian regions. At the heart of their belief system was the worship of the Sun, seen as the great divine force that governed life, seasons, and the fate of souls. The Sun was personified as a powerful male being, a chariot-rider and sky-father, who crossed the heavens daily and carried the souls of the dead toward judgment or rebirth. In parallel, the tribe venerated waterways, especially the Vltava and Otava rivers, which they viewed as sacred, living entities. These rivers were believed to connect the world of the living with the Underworld, a deep, dark and cold realm beneath the earth and water where most souls passed after death. Ritual offerings of animal bones, textiles, tools, and carved wooden idols were placed in river currents and forest lakes to appease spirits or guide the dead. Springs and high-altitude lakes were considered portals through which spirits could pass between worlds. A central belief was in reincarnation, that the soul, after death, would travel either into the watery underworld or ascend toward the light, returning to the world of the living in a new form. Ancestors were sometimes thought to return within the same bloodline, especially among those who had died in battle or while hunting. However, not all souls were reborn. The tribe believed that brave warriors, hunters, and clan leaders who died with honor could be chosen by the Sun deity to enter a meadow of heroes, a radiant, far-off land of eternal summer where the sky never darkened. This heroic afterlife was envisioned as a vast plain filled with game, feasting, and battle games, reminiscent of Proto-Indo-European conceptions of a warrior's paradise, later echoed in Celtic and Germanic traditions. Sacred groves played a major role in ritual life. Certain oaks, beeches, or firs were believed to house powerful spirits or serve as pillars connecting the Sky, Earth, and Underworld. Rites were held at these trees to honor the gods, celebrate seasonal cycles, and mark the transitions of birth, death, and rebirth. Trees were never cut in these groves, and their roots were often anointed with milk, blood, or sacred herbs. The tribe maintained a tripartite worldview, inherited from Indo-European tradition: a celestial realm ruled by the solar deity, a middle world of humans and animals, and an underworld of darkness, water, and ancestral spirits. Their oral tradition preserved myths, rituals, and cosmological songs that explained the cycle of life, death, and return. In all, this tribe’s religious life was a synthesis of solar worship, river veneration, forest animism, and a deeply embedded cycle of death and rebirth, with a special destiny reserved for the valorous. Their myths and rites reflected both their environment and their enduring place within the Indo-European spiritual framework.</p><p>&nbsp;</p><h2><strong><u>Phonology</u></strong></h2><p>&nbsp;</p><p>The phonological inventory can be reduced to the following table:</p><figure class=\""table\"" style=\""width:100%;\""><table class=\""ck-table-resized\""><colgroup><col style=\""width:16.87%;\""><col style=\""width:11.88%;\""><col style=\""width:10.44%;\""><col style=\""width:9.15%;\""><col style=\""width:11.98%;\""><col style=\""width:8.13%;\""><col style=\""width:6.98%;\""><col style=\""width:7.97%;\""><col style=\""width:10.67%;\""><col style=\""width:5.93%;\""></colgroup><tbody><tr><td style=\""border-color:hsl(0, 0%, 60%);border-width:3px;text-align:center;\"">&nbsp;</td><td style=\""border-color:hsl(0, 0%, 60%);border-width:3px;text-align:center;\"">Bilabial</td><td style=\""border-color:hsl(0, 0%, 60%);border-width:3px;text-align:center;\"">Labiodental</td><td style=\""border-color:hsl(0, 0%, 60%);border-width:3px;text-align:center;\"">Dental</td><td style=\""border-color:hsl(0, 0%, 60%);border-width:3px;text-align:center;\"">Alveolar</td><td style=\""border-color:hsl(0, 0%, 60%);border-width:3px;text-align:center;\"">Postalveolar</td><td style=\""border-color:hsl(0, 0%, 60%);border-width:3px;text-align:center;\"">Palatal</td><td style=\""border-color:hsl(0, 0%, 60%);border-width:3px;text-align:center;\"">Velar</td><td style=\""border-color:hsl(0, 0%, 60%);border-width:3px;text-align:center;\"">Uvular</td><td style=\""border-color:hsl(0, 0%, 60%);border-width:3px;text-align:center;\"">Labiovelar</td></tr><tr><td style=\""border-color:hsl(0, 0%, 60%);border-width:3px;text-align:center;\"">Plossive(voiceless)</td><td style=\""border-color:hsl(0, 0%, 60%);border-width:3px;text-align:center;\""><p style=\""text-align:center;\"">p</p></td><td style=\""border-color:hsl(0, 0%, 60%);border-width:3px;text-align:center;\""><p style=\""text-align:center;\"">&nbsp;</p></td><td style=\""border-color:hsl(0, 0%, 60%);border-width:3px;text-align:center;\""><p style=\""text-align:center;\"">t</p></td><td style=\""border-color:hsl(0, 0%, 60%);border-width:3px;text-align:center;\""><p style=\""text-align:center;\"">&nbsp;</p></td><td style=\""border-color:hsl(0, 0%, 60%);border-width:3px;text-align:center;\""><p style=\""text-align:center;\"">&nbsp;</p></td><td style=\""border-color:hsl(0, 0%, 60%);border-width:3px;text-align:center;\""><p style=\""text-align:center;\"">&nbsp;</p></td><td style=\""border-color:hsl(0, 0%, 60%);border-width:3px;text-align:center;\""><p style=\""text-align:center;\"">k</p></td><td style=\""border-color:hsl(0, 0%, 60%);border-width:3px;text-align:center;\""><p style=\""text-align:center;\"">&nbsp;</p></td><td style=\""border-color:hsl(0, 0%, 60%);border-width:3px;text-align:center;\""><p style=\""text-align:center;\"">kʷ</p></td></tr><tr><td style=\""border-color:hsl(0, 0%, 60%);border-width:3px;text-align:center;\"">Plosive(voiced)</td><td style=\""border-color:hsl(0, 0%, 60%);border-width:3px;text-align:center;\""><p style=\""text-align:center;\"">b</p></td><td style=\""border-color:hsl(0, 0%, 60%);border-width:3px;text-align:center;\""><p style=\""text-align:center;\"">&nbsp;</p></td><td style=\""border-color:hsl(0, 0%, 60%);border-width:3px;text-align:center;\""><p style=\""text-align:center;\"">d</p></td><td style=\""border-color:hsl(0, 0%, 60%);border-width:3px;text-align:center;\""><p style=\""text-align:center;\"">&nbsp;</p></td><td style=\""border-color:hsl(0, 0%, 60%);border-width:3px;text-align:center;\""><p style=\""text-align:center;\"">&nbsp;</p></td><td style=\""border-color:hsl(0, 0%, 60%);border-width:3px;text-align:center;\""><p style=\""text-align:center;\"">&nbsp;</p></td><td style=\""border-color:hsl(0, 0%, 60%);border-width:3px;text-align:center;\""><p style=\""text-align:center;\"">g</p></td><td style=\""border-color:hsl(0, 0%, 60%);border-width:3px;text-align:center;\""><p style=\""text-align:center;\"">&nbsp;</p></td><td style=\""border-color:hsl(0, 0%, 60%);border-width:3px;text-align:center;\""><p style=\""text-align:center;\"">ɡʷ</p></td></tr><tr><td style=\""border-color:hsl(0, 0%, 60%);border-width:3px;text-align:center;\"">Aspirated Plosive</td><td style=\""border-color:hsl(0, 0%, 60%);border-width:3px;text-align:center;\""><p style=\""text-align:center;\"">pʰ</p></td><td style=\""border-color:hsl(0, 0%, 60%);border-width:3px;text-align:center;\""><p style=\""text-align:center;\"">&nbsp;</p></td><td style=\""border-color:hsl(0, 0%, 60%);border-width:3px;text-align:center;\""><p style=\""text-align:center;\"">tʰ</p></td><td style=\""border-color:hsl(0, 0%, 60%);border-width:3px;text-align:center;\""><p style=\""text-align:center;\"">&nbsp;</p></td><td style=\""border-color:hsl(0, 0%, 60%);border-width:3px;text-align:center;\""><p style=\""text-align:center;\"">&nbsp;</p></td><td style=\""border-color:hsl(0, 0%, 60%);border-width:3px;text-align:center;\""><p style=\""text-align:center;\"">&nbsp;</p></td><td style=\""border-color:hsl(0, 0%, 60%);border-width:3px;text-align:center;\""><p style=\""text-align:center;\"">kʰ</p></td><td style=\""border-color:hsl(0, 0%, 60%);border-width:3px;text-align:center;\""><p style=\""text-align:center;\"">&nbsp;</p></td><td style=\""border-color:hsl(0, 0%, 60%);border-width:3px;text-align:center;\""><p style=\""text-align:center;\"">&nbsp;</p></td></tr><tr><td style=\""border-color:hsl(0, 0%, 60%);border-width:3px;text-align:center;\"">Nasal</td><td style=\""border-color:hsl(0, 0%, 60%);border-width:3px;text-align:center;\""><p style=\""text-align:center;\"">m</p></td><td style=\""border-color:hsl(0, 0%, 60%);border-width:3px;text-align:center;\""><p style=\""text-align:center;\"">&nbsp;</p></td><td style=\""border-color:hsl(0, 0%, 60%);border-width:3px;text-align:center;\""><p style=\""text-align:center;\"">&nbsp;</p></td><td style=\""border-color:hsl(0, 0%, 60%);border-width:3px;text-align:center;\""><p style=\""text-align:center;\"">n</p></td><td style=\""border-color:hsl(0, 0%, 60%);border-width:3px;text-align:center;\""><p style=\""text-align:center;\"">&nbsp;</p></td><td style=\""border-color:hsl(0, 0%, 60%);border-width:3px;text-align:center;\""><p style=\""text-align:center;\"">&nbsp;</p></td><td style=\""border-color:hsl(0, 0%, 60%);border-width:3px;text-align:center;\""><p style=\""text-align:center;\"">&nbsp;</p></td><td style=\""border-color:hsl(0, 0%, 60%);border-width:3px;text-align:center;\""><p style=\""text-align:center;\"">&nbsp;</p></td><td style=\""border-color:hsl(0, 0%, 60%);border-width:3px;text-align:center;\""><p style=\""text-align:center;\"">&nbsp;</p></td></tr><tr><td style=\""border-color:hsl(0, 0%, 60%);border-width:3px;text-align:center;\"">Fricative(voiceless)</td><td style=\""border-color:hsl(0, 0%, 60%);border-width:3px;text-align:center;\""><p style=\""text-align:center;\"">&nbsp;</p></td><td style=\""border-color:hsl(0, 0%, 60%);border-width:3px;text-align:center;\""><p style=\""text-align:center;\"">f</p></td><td style=\""border-color:hsl(0, 0%, 60%);border-width:3px;text-align:center;\""><p style=\""text-align:center;\"">þ</p></td><td style=\""border-color:hsl(0, 0%, 60%);border-width:3px;text-align:center;\""><p style=\""text-align:center;\"">s</p></td><td style=\""border-color:hsl(0, 0%, 60%);border-width:3px;text-align:center;\""><p style=\""text-align:center;\"">ʃ</p></td><td style=\""border-color:hsl(0, 0%, 60%);border-width:3px;text-align:center;\""><p style=\""text-align:center;\"">&nbsp;</p></td><td style=\""border-color:hsl(0, 0%, 60%);border-width:3px;text-align:center;\""><p style=\""text-align:center;\"">&nbsp;</p></td><td style=\""border-color:hsl(0, 0%, 60%);border-width:3px;text-align:center;\""><p style=\""text-align:center;\"">χ</p></td><td style=\""border-color:hsl(0, 0%, 60%);border-width:3px;text-align:center;\""><p style=\""text-align:center;\"">&nbsp;</p></td></tr><tr><td style=\""border-color:hsl(0, 0%, 60%);border-width:3px;text-align:center;\"">Fricative(voiced)</td><td style=\""border-color:hsl(0, 0%, 60%);border-width:3px;text-align:center;\""><p style=\""text-align:center;\"">&nbsp;</p></td><td style=\""border-color:hsl(0, 0%, 60%);border-width:3px;text-align:center;\""><p style=\""text-align:center;\"">v</p></td><td style=\""border-color:hsl(0, 0%, 60%);border-width:3px;text-align:center;\""><p style=\""text-align:center;\"">ð</p></td><td style=\""border-color:hsl(0, 0%, 60%);border-width:3px;text-align:center;\""><p style=\""text-align:center;\"">z</p></td><td style=\""border-color:hsl(0, 0%, 60%);border-width:3px;text-align:center;\""><p style=\""text-align:center;\"">&nbsp;</p></td><td style=\""border-color:hsl(0, 0%, 60%);border-width:3px;text-align:center;\""><p style=\""text-align:center;\"">&nbsp;</p></td><td style=\""border-color:hsl(0, 0%, 60%);border-width:3px;text-align:center;\""><p style=\""text-align:center;\"">&nbsp;</p></td><td style=\""border-color:hsl(0, 0%, 60%);border-width:3px;text-align:center;\""><p style=\""text-align:center;\"">ɣ</p></td><td style=\""border-color:hsl(0, 0%, 60%);border-width:3px;text-align:center;\""><p style=\""text-align:center;\"">&nbsp;</p></td></tr><tr><td style=\""border-color:hsl(0, 0%, 60%);border-width:3px;text-align:center;\"">Approximant</td><td style=\""border-color:hsl(0, 0%, 60%);border-width:3px;text-align:center;\""><p style=\""text-align:center;\"">w</p></td><td style=\""border-color:hsl(0, 0%, 60%);border-width:3px;text-align:center;\""><p style=\""text-align:center;\"">&nbsp;</p></td><td style=\""border-color:hsl(0, 0%, 60%);border-width:3px;text-align:center;\""><p style=\""text-align:center;\"">&nbsp;</p></td><td style=\""border-color:hsl(0, 0%, 60%);border-width:3px;text-align:center;\""><p style=\""text-align:center;\"">&nbsp;</p></td><td style=\""border-color:hsl(0, 0%, 60%);border-width:3px;text-align:center;\""><p style=\""text-align:center;\"">&nbsp;</p></td><td style=\""border-color:hsl(0, 0%, 60%);border-width:3px;text-align:center;\""><p style=\""text-align:center;\"">y</p></td><td style=\""border-color:hsl(0, 0%, 60%);border-width:3px;text-align:center;\""><p style=\""text-align:center;\"">&nbsp;</p></td><td style=\""border-color:hsl(0, 0%, 60%);border-width:3px;text-align:center;\""><p style=\""text-align:center;\"">&nbsp;</p></td><td style=\""border-color:hsl(0, 0%, 60%);border-width:3px;text-align:center;\""><p style=\""text-align:center;\"">&nbsp;</p></td></tr><tr><td style=\""border-color:hsl(0, 0%, 60%);border-width:3px;text-align:center;\"">Trill/Tap</td><td style=\""border-color:hsl(0, 0%, 60%);border-width:3px;text-align:center;\""><p style=\""text-align:center;\"">&nbsp;</p></td><td style=\""border-color:hsl(0, 0%, 60%);border-width:3px;text-align:center;\""><p style=\""text-align:center;\"">&nbsp;</p></td><td style=\""border-color:hsl(0, 0%, 60%);border-width:3px;text-align:center;\""><p style=\""text-align:center;\"">&nbsp;</p></td><td style=\""border-color:hsl(0, 0%, 60%);border-width:3px;text-align:center;\""><p style=\""text-align:center;\"">r</p></td><td style=\""border-color:hsl(0, 0%, 60%);border-width:3px;text-align:center;\""><p style=\""text-align:center;\"">&nbsp;</p></td><td style=\""border-color:hsl(0, 0%, 60%);border-width:3px;text-align:center;\""><p style=\""text-align:center;\"">&nbsp;</p></td><td style=\""border-color:hsl(0, 0%, 60%);border-width:3px;text-align:center;\""><p style=\""text-align:center;\"">&nbsp;</p></td><td style=\""border-color:hsl(0, 0%, 60%);border-width:3px;text-align:center;\""><p style=\""text-align:center;\"">&nbsp;</p></td><td style=\""border-color:hsl(0, 0%, 60%);border-width:3px;text-align:center;\""><p style=\""text-align:center;\"">&nbsp;</p></td></tr><tr><td style=\""border-color:hsl(0, 0%, 60%);border-width:3px;text-align:center;\"">Lateral</td><td style=\""border-color:hsl(0, 0%, 60%);border-width:3px;text-align:center;\""><p style=\""text-align:center;\"">&nbsp;</p></td><td style=\""border-color:hsl(0, 0%, 60%);border-width:3px;text-align:center;\""><p style=\""text-align:center;\"">&nbsp;</p></td><td style=\""border-color:hsl(0, 0%, 60%);border-width:3px;text-align:center;\""><p style=\""text-align:center;\"">&nbsp;</p></td><td style=\""border-color:hsl(0, 0%, 60%);border-width:3px;text-align:center;\""><p style=\""text-align:center;\"">l</p></td><td style=\""border-color:hsl(0, 0%, 60%);border-width:3px;text-align:center;\""><p style=\""text-align:center;\"">&nbsp;</p></td><td style=\""border-color:hsl(0, 0%, 60%);border-width:3px;text-align:center;\""><p style=\""text-align:center;\"">&nbsp;</p></td><td style=\""border-color:hsl(0, 0%, 60%);border-width:3px;text-align:center;\""><p style=\""text-align:center;\"">&nbsp;</p></td><td style=\""border-color:hsl(0, 0%, 60%);border-width:3px;text-align:center;\""><p style=\""text-align:center;\"">&nbsp;</p></td><td style=\""border-color:hsl(0, 0%, 60%);border-width:3px;text-align:center;\""><p style=\""text-align:center;\"">&nbsp;</p></td></tr></tbody></table></figure>"",""privacy"":""public"",""sources"":[],""user_id"":1750886914642,""is_proto"":false,""permission"":""collaborators"",""word_forms"":[{""name"":""nominative singular"",""type"":""noun""},{""name"":""accusative singular"",""type"":""noun""},{""name"":""genitive singular"",""type"":""noun""},{""name"":""dative singular"",""type"":""noun""},{""name"":""locative singular"",""type"":""noun""},{""name"":""ablative singular"",""type"":""noun""},{""name"":""instrumental singular"",""type"":""noun""},{""name"":""nominative plural"",""type"":""noun""},{""name"":""accusative plural"",""type"":""noun""},{""name"":""genitive plural"",""type"":""noun""},{""name"":""dative plural"",""type"":""noun""},{""name"":""locative plural"",""type"":""noun""},{""name"":""ablative plural"",""type"":""noun""},{""name"":""instrumental plural"",""type"":""noun""},{""name"":""nominative singular"",""type"":""pron""},{""name"":""accusative singular"",""type"":""pron""},{""name"":""genitive singular"",""type"":""pron""},{""name"":""dative singular"",""type"":""pron""},{""name"":""locative singular"",""type"":""pron""},{""name"":""ablative singular"",""type"":""pron""},{""name"":""instrumental singular"",""type"":""pron""},{""name"":""nominative plural"",""type"":""pron""},{""name"":""accusative plural"",""type"":""pron""},{""name"":""genitive plural"",""type"":""pron""},{""name"":""dative plural"",""type"":""pron""},{""name"":""locative plural"",""type"":""pron""},{""name"":""ablative plural"",""type"":""pron""},{""name"":""instrumental plural"",""type"":""pron""},{""name"":""Present"",""type"":""verb""},{""name"":""Past"",""type"":""verb""},{""name"":""Future"",""type"":""verb""},{""name"":""Imperative"",""type"":""verb""},{""name"":""nominative singular"",""type"":""clitic""},{""name"":""accusative singular"",""type"":""clitic""},{""name"":""genitive singular"",""type"":""clitic""},{""name"":""dative singular"",""type"":""clitic""},{""name"":""locative singular"",""type"":""clitic""},{""name"":""ablative singular"",""type"":""clitic""},{""name"":""instrumental singular"",""type"":""clitic""},{""name"":""nominative plural"",""type"":""clitic""},{""name"":""accusative plural"",""type"":""clitic""},{""name"":""genitive plural"",""type"":""clitic""},{""name"":""dative plural"",""type"":""clitic""},{""name"":""locative plural"",""type"":""clitic""},{""name"":""ablative plural"",""type"":""clitic""},{""name"":""instrumental plural"",""type"":""clitic""}],""language_id"":1750887687247,""collaborators"":[{""user_id"":1745767579287,""username"":""InsularBellBeaker""}],""language_name"":""Šowélisk"",""frequency_list"":[{""rank"":1,""isEditing"":false,""selectedWord"":{""ipa"":null,""tags"":[],""word"":""alu"",""made_by"":1750886914642,""word_id"":1750890024372,""edited_by"":1750886914642,""word_note"":"""",""word_type"":""word"",""date_added"":""2025-06-25T22:20:24.372+00:00"",""variant_of"":null,""adj_meaning"":null,""adp_meaning"":null,""adv_meaning"":null,""date_edited"":""2025-06-25T22:37:10.086+00:00"",""language_id"":1750887687247,""conj_meaning"":null,""noun_meaning"":[""ale"",""beer"",""magical concoction""],""part_meaning"":null,""pron_meaning"":null,""verb_meaning"":null,""affix_meaning"":null,""adj_word_forms"":[],""adp_word_forms"":[],""adv_word_forms"":[],""interj_meaning"":null,""conj_word_forms"":[],""noun_word_forms"":[],""part_word_forms"":[],""pron_word_forms"":[],""verb_word_forms"":[],""affix_word_forms"":[],""example_sentences"":null,""interj_word_forms"":[],""parent_language_id"":null,""adj_word_categories"":[],""adp_word_categories"":[],""adv_word_categories"":[],""conj_word_categories"":[],""noun_word_categories"":[],""part_word_categories"":[],""pron_word_categories"":[],""verb_word_categories"":[],""adj_sentence_examples"":[],""adp_sentence_examples"":[],""adv_sentence_examples"":[],""affix_word_categories"":[],""conj_sentence_examples"":[],""interj_word_categories"":[],""noun_sentence_examples"":[],""part_sentence_examples"":[],""pron_sentence_examples"":[],""verb_sentence_examples"":[],""interj_sentence_examples"":[]}}],""word_categories"":null,""mother_language_id"":null},{""tags"":[],""corpus"":[],""grammar"":null,""privacy"":""public"",""sources"":[],""user_id"":1750886914642,""is_proto"":false,""permission"":""onlyme"",""word_forms"":null,""language_id"":1763722441940,""collaborators"":[],""language_name"":""Vespentore"",""frequency_list"":null,""word_categories"":null,""mother_language_id"":null}]",[],"""public""",[],onlyme
1773758054944,Insular,"[{""name"":""nom.pl"",""type"":""noun""},{""name"":""gen.sg"",""type"":""noun""},{""name"":""gen.pl"",""type"":""noun""},{""name"":""acc.sg"",""type"":""noun""},{""name"":""acc.pl"",""type"":""noun""},{""name"":""dat.sg"",""type"":""noun""},{""name"":""dat.pl"",""type"":""noun""},{""name"":""abl.sg"",""type"":""noun""},{""name"":""abl.pl"",""type"":""noun""},{""name"":""instr.sg"",""type"":""noun""},{""name"":""instr.pl"",""type"":""noun""},{""name"":""loc.sg"",""type"":""noun""},{""name"":""loc.pl"",""type"":""noun""},{""name"":""nom.dual"",""type"":""noun""},{""name"":""acc.dual"",""type"":""noun""},{""name"":""voc.sg"",""type"":""noun""},{""name"":""voc.pl"",""type"":""noun""}]",1745767579287,"[{""tags"":[],""corpus"":[],""themes"":null,""grammar"":null,""privacy"":""public"",""sources"":[],""user_id"":1745767579287,""is_proto"":true,""spellings"":null,""permission"":""onlyme"",""word_forms"":null,""language_id"":1773756611663,""phonotactics"":null,""collaborators"":[],""language_name"":""Late Proto-Indo-European"",""frequency_list"":null,""word_categories"":null,""mother_language_id"":null},{""user_id"":""1745767579287"",""is_proto"":true,""word_forms"":[],""language_id"":1773760605819,""language_name"":""Proto-Insular"",""mother_language_id"":1773756611663}]","[{""name"":""gender"",""type"":""noun"",""categories"":{""name"":[""masculine"",""neuter"",""feminine""],""abbreviation"":[""masc"",""neut"",""fem""]}},{""name"":""thematic"",""type"":""noun"",""categories"":{""name"":[""athematic"",""thematic""],""abbreviation"":[""athem"",""them""]}}]","""public""",[],onlyme